{"polyfill":["/polyfill-09d4055cf885729974cc.js"],"app":["/app-95512f72b0fc92ee5f81.js"],"component---gatsby-theme-purist-src-pages-404-tsx":["/component---gatsby-theme-purist-src-pages-404-tsx-20b4a89d003e0cdba196.js"],"component---gatsby-theme-purist-src-templates-article-tsx":["/component---gatsby-theme-purist-src-templates-article-tsx-f7c2dbe641a91a75e275.js"],"component---gatsby-theme-purist-src-templates-articles-tsx":["/component---gatsby-theme-purist-src-templates-articles-tsx-893f4e2e2348c54e4acc.js"],"component---gatsby-theme-purist-src-templates-home-tsx":["/component---gatsby-theme-purist-src-templates-home-tsx-f16c8a76a0f29a8b4c0c.js"]}