{"errors":[],"warnings":[],"namedChunkGroups":{"polyfill":{"chunks":[3,10],"assets":["webpack-runtime-4994f4dbc69bf084d2ec.js","webpack-runtime-4994f4dbc69bf084d2ec.js.map","polyfill-09d4055cf885729974cc.js","polyfill-09d4055cf885729974cc.js.map"],"children":{},"childAssets":{}},"app":{"chunks":[3,9,4],"assets":["webpack-runtime-4994f4dbc69bf084d2ec.js","webpack-runtime-4994f4dbc69bf084d2ec.js.map","framework-71e01ecdbd9bdedc82d1.js","framework-71e01ecdbd9bdedc82d1.js.map","app-95512f72b0fc92ee5f81.js","app-95512f72b0fc92ee5f81.js.map"],"children":{},"childAssets":{}},"component---gatsby-theme-purist-src-pages-404-tsx":{"chunks":[0,5],"assets":["commons-4239892782a8d462ca74.js","commons-4239892782a8d462ca74.js.map","component---gatsby-theme-purist-src-pages-404-tsx-20b4a89d003e0cdba196.js","component---gatsby-theme-purist-src-pages-404-tsx-20b4a89d003e0cdba196.js.map"],"children":{},"childAssets":{}},"component---gatsby-theme-purist-src-templates-article-tsx":{"chunks":[0,1,2,6],"assets":["commons-4239892782a8d462ca74.js","commons-4239892782a8d462ca74.js.map","4faae7de9bd7de860c3a70139e7c4c5e87e01140-c5e6b3abb1c45fd604b0.js","4faae7de9bd7de860c3a70139e7c4c5e87e01140-c5e6b3abb1c45fd604b0.js.map","d8d0692594c0a2dc59715e76743df35386b8361e-142ac60f691b90b6c67a.js","d8d0692594c0a2dc59715e76743df35386b8361e-142ac60f691b90b6c67a.js.map","component---gatsby-theme-purist-src-templates-article-tsx-f7c2dbe641a91a75e275.js","component---gatsby-theme-purist-src-templates-article-tsx-f7c2dbe641a91a75e275.js.map"],"children":{},"childAssets":{}},"component---gatsby-theme-purist-src-templates-articles-tsx":{"chunks":[0,1,7],"assets":["commons-4239892782a8d462ca74.js","commons-4239892782a8d462ca74.js.map","4faae7de9bd7de860c3a70139e7c4c5e87e01140-c5e6b3abb1c45fd604b0.js","4faae7de9bd7de860c3a70139e7c4c5e87e01140-c5e6b3abb1c45fd604b0.js.map","component---gatsby-theme-purist-src-templates-articles-tsx-893f4e2e2348c54e4acc.js","component---gatsby-theme-purist-src-templates-articles-tsx-893f4e2e2348c54e4acc.js.map"],"children":{},"childAssets":{}},"component---gatsby-theme-purist-src-templates-home-tsx":{"chunks":[0,1,2,8],"assets":["commons-4239892782a8d462ca74.js","commons-4239892782a8d462ca74.js.map","4faae7de9bd7de860c3a70139e7c4c5e87e01140-c5e6b3abb1c45fd604b0.js","4faae7de9bd7de860c3a70139e7c4c5e87e01140-c5e6b3abb1c45fd604b0.js.map","d8d0692594c0a2dc59715e76743df35386b8361e-142ac60f691b90b6c67a.js","d8d0692594c0a2dc59715e76743df35386b8361e-142ac60f691b90b6c67a.js.map","component---gatsby-theme-purist-src-templates-home-tsx-f16c8a76a0f29a8b4c0c.js","component---gatsby-theme-purist-src-templates-home-tsx-f16c8a76a0f29a8b4c0c.js.map"],"children":{},"childAssets":{}}},"assetsByChunkName":{"polyfill":["webpack-runtime-4994f4dbc69bf084d2ec.js","polyfill-09d4055cf885729974cc.js"],"app":["webpack-runtime-4994f4dbc69bf084d2ec.js","framework-71e01ecdbd9bdedc82d1.js","app-95512f72b0fc92ee5f81.js"],"component---gatsby-theme-purist-src-pages-404-tsx":["commons-4239892782a8d462ca74.js","component---gatsby-theme-purist-src-pages-404-tsx-20b4a89d003e0cdba196.js"],"component---gatsby-theme-purist-src-templates-article-tsx":["commons-4239892782a8d462ca74.js","4faae7de9bd7de860c3a70139e7c4c5e87e01140-c5e6b3abb1c45fd604b0.js","d8d0692594c0a2dc59715e76743df35386b8361e-142ac60f691b90b6c67a.js","component---gatsby-theme-purist-src-templates-article-tsx-f7c2dbe641a91a75e275.js"],"component---gatsby-theme-purist-src-templates-articles-tsx":["commons-4239892782a8d462ca74.js","4faae7de9bd7de860c3a70139e7c4c5e87e01140-c5e6b3abb1c45fd604b0.js","component---gatsby-theme-purist-src-templates-articles-tsx-893f4e2e2348c54e4acc.js"],"component---gatsby-theme-purist-src-templates-home-tsx":["commons-4239892782a8d462ca74.js","4faae7de9bd7de860c3a70139e7c4c5e87e01140-c5e6b3abb1c45fd604b0.js","d8d0692594c0a2dc59715e76743df35386b8361e-142ac60f691b90b6c67a.js","component---gatsby-theme-purist-src-templates-home-tsx-f16c8a76a0f29a8b4c0c.js"]}}